"personID","firstName","lastName","birthDate"
1,"Muhammed","Doe","1990-01-01"
2,"Pele","Solayaman","1991-01-01"
3,"UpdatedFirstName","Doe","1990-04-15"
4,"Muhammed","Smith","1985-07-22"
5,"Muhammedll","Johnson","1995-11-30"
6,"Emily","Williams","1980-02-10"
7,"David","Brown","1992-09-25"
8,"Muhammed","Eid","1997-07-19"
10,"John","Doe","2023-12-24"
11,"John","Doe","2023-12-24"
12,"John","Doetrtrtrtrhfghgsg","2023-12-24"
13,"John","merhabba","2023-12-24"
14,"John","yazoooun","2023-12-24"
15,"Jane","Doe","2023-12-24"
16,"farooook","Doe","2023-12-24"
17,"farooook","Doe","2023-12-24"
18,"John","Doetrtrtrtrhfghgsg","2023-12-24"
19,"John","yazoooun","2023-12-24"
20,"John","sobuh","2023-12-24"
21,"farooook","Doe","2023-12-24"
22,"farooook","Desdsdoe","2023-12-24"
23,"Hamoud","Hasan","2023-12-24"
24,"sedra","bai","2023-12-24"
25,"Walid","sau","2023-12-24"
26,"John","cihad","2023-12-24"
27,"Hamoud","Hasan","2023-12-24"
28,"Hamoud323","Hasan","2023-12-24"
99,"Johnson  ","Hernandez","1999-10-12"
100,"Lionel","Messi","1987-06-24"
101,"Cristiano","Ronaldo","1985-02-05"
102,"Neymar","Jr.","1992-02-05"
103,"Andres","Iniesta","1984-05-11"
104,"Mohamed","Salah","1992-06-15"
105,"Luka","Modric","1985-09-09"
106,"Sergio","Aguero","1988-06-02"
107,"Kylian","Mbappe","1998-12-20"
108,"Robert","Lewandowski","1988-08-21"
109,"Kevin","De Bruyne","1991-06-28"
110,"Virgil","van Dijk","1991-07-08"
111,"Harry","Kane","1993-07-28"
112,"Eden","Hazard","1991-01-07"
113,"Sadio","Mane","1992-04-10"
114,"Paul","Pogba","1993-03-15"
115,"Gareth","Bale","1989-07-16"
116,"Sergio","Ramos","1986-03-30"
117,"Antoine","Griezmann","1991-03-21"
118,"Raheem","Sterling","1994-12-08"
119,"Thiago","Silva","1984-09-22"
120,"Joshua","Kimmich","1995-02-08"
121,"Toni","Kroos","1990-01-04"
122,"Alisson","Becker","1992-10-02"
123,"Jan","Vertonghen","1987-04-24"
124,"Frenkie","de Jong","1997-05-12"
